win,lose
제주,전남
수원,성남
전북,대전
포항,대전
인천,서울
수원,강원
전북,울산
경남,부산
인천,성남
부산,서울
울산,전남
포항,수원
수원,전북
제주,부산
포항,전남
울산,강원
대전,인천
제주,전남
수원,성남
전북,대전
포항,대전
인천,서울
수원,강원
전북,울산
경남,부산
인천,성남
부산,서울
울산,전남
포항,수원
수원,전북
제주,부산
포항,전남
울산,강원
대전,인천
제주,전남
수원,성남
전북,대전
포항,대전
인천,서울
수원,강원
전북,울산
경남,부산
인천,성남
부산,서울
울산,전남
포항,수원
수원,전북
제주,부산
포항,전남
울산,강원
대전,인천
제주,전남
수원,성남
전북,대전
포항,대전
인천,서울
수원,강원
전북,울산
경남,부산
인천,성남
부산,서울
울산,전남
포항,수원
수원,전북
제주,부산
포항,전남
울산,강원
대전,인천
제주,전남
수원,성남
전북,대전
포항,대전
인천,서울
수원,강원
전북,울산
경남,부산
인천,성남
부산,서울
울산,전남
포항,수원
수원,전북
제주,부산
포항,전남
울산,강원
대전,인천
제주,전남
수원,성남
전북,대전
포항,대전
인천,서울
수원,강원
전북,울산
경남,부산
인천,성남
부산,서울
울산,전남
포항,수원
수원,전북
제주,부산
포항,전남
울산,강원
대전,인천
울산,포항
전북,부산
전남,서울
경남,성남
수원,제주
전북,인천
부산,포항
울산,경남
제주,전남
포항,수원
제주,성남
전남,경남
부산,서울
울산,인천
경남,인천
전남,울산
포항,전북
서울,제주
성남,수원
울산,서울
포항,상주
전북,성남
수원,부산
울산,포항
전북,부산
전남,서울
경남,성남
수원,제주
전북,인천
부산,포항
울산,경남
제주,전남
포항,수원
제주,성남
전남,경남
부산,서울
울산,인천
경남,인천
전남,울산
포항,전북
서울,제주
성남,수원
울산,서울
포항,상주
전북,성남
수원,부산
울산,포항
전북,부산
전남,서울
경남,성남
수원,제주
전북,인천
부산,포항
울산,경남
제주,전남
포항,수원
제주,성남
전남,경남
부산,서울
울산,인천
경남,인천
전남,울산
포항,전북
서울,제주
성남,수원
울산,서울
포항,상주
전북,성남
수원,부산
울산,포항
전북,부산
전남,서울
경남,성남
수원,제주
전북,인천
부산,포항
울산,경남
제주,전남
포항,수원
제주,성남
전남,경남
부산,서울
울산,인천
경남,인천
전남,울산
포항,전북
서울,제주
성남,수원
울산,서울
포항,상주
전북,성남
수원,부산
울산,포항
전북,부산
전남,서울
경남,성남
수원,제주
전북,인천
부산,포항
울산,경남
제주,전남
포항,수원
제주,성남
전남,경남
부산,서울
울산,인천
경남,인천
전남,울산
포항,전북
서울,제주
성남,수원
울산,서울
포항,상주
전북,성남
수원,부산
울산,포항
전북,부산
전남,서울
경남,성남
수원,제주
전북,인천
부산,포항
울산,경남
제주,전남
포항,수원
제주,성남
전남,경남
부산,서울
울산,인천
경남,인천
전남,울산
포항,전북
서울,제주
성남,수원
울산,서울
포항,상주
전북,성남
수원,부산
전북,성남
부산,대전
포항,수원
울산,서울
전북,서울
수원,인천
광주,대전
울산,포항
광주,부산
제주,대전
포항,서울
수원,성남
전북,성남
부산,대전
포항,수원
울산,서울
전북,서울
수원,인천
광주,대전
울산,포항
광주,부산
제주,대전
포항,서울
수원,성남
전북,성남
부산,대전
포항,수원
울산,서울
전북,서울
수원,인천
광주,대전
울산,포항
광주,부산
제주,대전
포항,서울
수원,성남
전북,성남
부산,대전
포항,수원
울산,서울
전북,서울
수원,인천
광주,대전
울산,포항
광주,부산
제주,대전
포항,서울
수원,성남
전북,성남
부산,대전
포항,수원
울산,서울
전북,서울
수원,인천
광주,대전
울산,포항
광주,부산
제주,대전
포항,서울
수원,성남
전북,성남
부산,대전
포항,수원
울산,서울
전북,서울
수원,인천
광주,대전
울산,포항
광주,부산
제주,대전
포항,서울
수원,성남
울산,포항
강원,상주
전북,전남
제주,인천
전북,수원
제주,울산
서울,강원
상주,전남
포항,광주
상주,울산
서울,광주
제주,전남
울산,포항
강원,상주
전북,전남
제주,인천
전북,수원
제주,울산
서울,강원
상주,전남
포항,광주
상주,울산
서울,광주
제주,전남
울산,포항
강원,상주
전북,전남
제주,인천
전북,수원
제주,울산
서울,강원
상주,전남
포항,광주
상주,울산
서울,광주
제주,전남
울산,포항
강원,상주
전북,전남
제주,인천
전북,수원
제주,울산
서울,강원
상주,전남
포항,광주
상주,울산
서울,광주
제주,전남
울산,포항
강원,상주
전북,전남
제주,인천
전북,수원
제주,울산
서울,강원
상주,전남
포항,광주
상주,울산
서울,광주
제주,전남
울산,포항
강원,상주
전북,전남
제주,인천
전북,수원
제주,울산
서울,강원
상주,전남
포항,광주
상주,울산
서울,광주
제주,전남
울산,수원
상주,강원
서울,포항
대구,제주
인천,경남
전북,수원
상주,포항
서울,성남
상주,인천
성남,수원
강원,전북
포항,경남
울산,제주
전북,포항
서울,상주
경남,대구
강원,성남
수원,인천
울산,수원
상주,강원
서울,포항
대구,제주
인천,경남
전북,수원
상주,포항
서울,성남
상주,인천
성남,수원
강원,전북
포항,경남
울산,제주
전북,포항
서울,상주
경남,대구
강원,성남
수원,인천
울산,수원
상주,강원
서울,포항
대구,제주
인천,경남
전북,수원
상주,포항
서울,성남
상주,인천
성남,수원
강원,전북
포항,경남
울산,제주
전북,포항
서울,상주
경남,대구
강원,성남
수원,인천
울산,수원
상주,강원
서울,포항
대구,제주
인천,경남
전북,수원
상주,포항
서울,성남
상주,인천
성남,수원
강원,전북
포항,경남
울산,제주
전북,포항
서울,상주
경남,대구
강원,성남
수원,인천
울산,수원
상주,강원
서울,포항
대구,제주
인천,경남
전북,수원
상주,포항
서울,성남
상주,인천
성남,수원
강원,전북
포항,경남
울산,제주
전북,포항
서울,상주
경남,대구
강원,성남
수원,인천
울산,수원
상주,강원
서울,포항
대구,제주
인천,경남
전북,수원
상주,포항
서울,성남
상주,인천
성남,수원
강원,전북
포항,경남
울산,제주
전북,포항
서울,상주
경남,대구
강원,성남
수원,인천
울산,수원
상주,강원
서울,포항
대구,제주
인천,경남
전북,수원
상주,포항
서울,성남
상주,인천
성남,수원
강원,전북
포항,경남
울산,제주
전북,포항
서울,상주
경남,대구
강원,성남
수원,인천
울산,강원
울산,광주
인천,대구
포항,강원
수원,성남
서울,수원FC
전북,강원
울산,인천
제주,포항
광주,대구
성남,서울
전북,광주
서울,인천
성남,수원FC
전북,대구
수원,포항
서울,광주
인천,수원FC
강원,인천
성남,포항
서울,수원
대구,울산
울산,강원
울산,광주
인천,대구
포항,강원
수원,성남
서울,수원FC
전북,강원
울산,인천
제주,포항
광주,대구
성남,서울
전북,광주
서울,인천
성남,수원FC
전북,대구
수원,포항
서울,광주
인천,수원FC
강원,인천
성남,포항
서울,수원
대구,울산
울산,강원
울산,광주
인천,대구
포항,강원
수원,성남
서울,수원FC
전북,강원
울산,인천
제주,포항
광주,대구
성남,서울
전북,광주
서울,인천
성남,수원FC
전북,대구
수원,포항
서울,광주
인천,수원FC
강원,인천
성남,포항
서울,수원
대구,울산
울산,강원
울산,광주
인천,대구
포항,강원
수원,성남
서울,수원FC
전북,강원
울산,인천
제주,포항
광주,대구
성남,서울
전북,광주
서울,인천
성남,수원FC
전북,대구
수원,포항
서울,광주
인천,수원FC
강원,인천
성남,포항
서울,수원
대구,울산
울산,강원
울산,광주
인천,대구
포항,강원
수원,성남
서울,수원FC
전북,강원
울산,인천
제주,포항
광주,대구
성남,서울
전북,광주
서울,인천
성남,수원FC
전북,대구
수원,포항
서울,광주
인천,수원FC
강원,인천
성남,포항
서울,수원
대구,울산
울산,강원
울산,광주
인천,대구
포항,강원
수원,성남
서울,수원FC
전북,강원
울산,인천
제주,포항
광주,대구
성남,서울
전북,광주
서울,인천
성남,수원FC
전북,대구
수원,포항
서울,광주
인천,수원FC
강원,인천
성남,포항
서울,수원
대구,울산
